job title,company_name,location,skills,links,salary
AI & Automation Developer (Python),Injaz Digital  -,"New Cairo, Cairo, Egypt ",Full TimeOn-siteExperienced · 2 - 3 Yrs of Exp · IT/Software Development · Marketing/PR/Advertising · AI · Automation · Computer Science · Information Technology (IT) · Python · Software Development · Software Engineering · SQL,/jobs/p/nsexa8hf0rf2-ai-automation-developer-python-injaz-digital-cairo-egypt,Not specified
Python Developer (AI Integration),The National Company for Fertilizers and Chemical Industries  -,"Alsadat City, Monufya, Egypt ",Full TimeOn-siteEntry Level · 1 - 3 Yrs of Exp · IT/Software Development · Engineering - Telecom/Technology · Python · Flask · FastAPI · API · Cloud · Computer Science · Development · Docker,/jobs/p/zhump6g8tady-python-developer-ai-integration-the-national-company-for-fertilizers-and-chemical-industries-monufya-egypt,Not specified
Junior Python - Django Full-Stack Developer,Software House Solution  -,"Heliopolis, Cairo, Egypt ",Full TimeOn-siteExperienced · 2 - 4 Yrs of Exp · IT/Software Development · Engineering - Other · Python · Django · JavaScript · HTML5 · CSS3 · React · SQL · Git,/jobs/p/dpg5e7v6msbe-junior-python-django-full-stack-developer-software-house-solution-cairo-egypt,Not specified
Business Intelligence Engineer - SQL / PYTHON,RISEUP (Endemag for Administrative Skills Development) -,"Maadi, Cairo, Egypt ",Full TimeHybridExperienced · 5+ Yrs of Exp · IT/Software Development · Analyst/Research · Engineering - Telecom/Technology · Business Intelligence · Computer Science · Information Technology (IT) · Engineering · Management · Python · SQL,/jobs/p/bl1q5hs5faeq-business-intelligence-engineer-sql-python-riseup-endemag-for-administrative-skills-development-cairo-egypt,Not specified
Python Developer,Confidential -,"Cairo, Egypt ",Full TimeOn-siteExperienced · 3 - 7 Yrs of Exp · IT/Software Development · Python · Software Development · Computer Science · DevOps · Database · NoSQL · SQL · TensorFlow,/jobs/p/q89ccbfxijqs-python-developer-cairo-egypt,Not specified
AI Developer (Python) - midlevel,Afaqy -,"Maadi, Cairo, Egypt ",Full TimeHybridExperienced · 3 - 6 Yrs of Exp · IT/Software Development · AI · Python · Software Development · Machine Learning · Deep Learning · LLM · LangGraph,/jobs/p/xsl2ftrivhne-ai-developer-python-midlevel-afaqy-cairo-egypt,Not specified
Middle FullStack (Python) Developer,Vertex Technologies  -,"Cairo, Egypt ",Full TimeOn-siteExperienced · 3+ Yrs of Exp · IT/Software Development · Python · React · JavaScript · Typescript · React.js · Vue.js · Software Development,/jobs/p/ty5uhi0qiacc-middle-fullstack-python-developer-vertex-technologies-cairo-egypt,Not specified
Python Back End developer,Prometeon tyres group – Egypt -,"Alexandria, Egypt ",Full TimeOn-siteEntry Level · 0 - 4 Yrs of Exp · IT/Software Development · Engineering - Telecom/Technology · Computer Science · Information Technology (IT) · Software Development · Python · Software Engineering,/jobs/p/e2ejshzhctsh-python-back-end-developer-prometeon-tyres-group-egypt-alexandria-egypt,Not specified
Service Desk Engineer,Arma-HSA -,"Cairo, Egypt ",Full TimeOn-siteEntry Level · 1 - 3 Yrs of Exp · Installation/Maintenance/Repair · IT/Software Development · Engineering - Telecom/Technology · Technical troubleshooting · Ticketing systems · CCNA · Computer Science · CSS · Customer Service · Engineering,/jobs/p/dpeywdrsdzwc-service-desk-engineer-arma-hsa-cairo-egypt,Not specified
Embedded Systems Engineer,IMBoX  -,"New Cairo, Cairo, Egypt ",Part TimeFreelance / ProjectRemoteExperienced · 5+ Yrs of Exp · IT/Software Development · Engineering - Telecom/Technology · Computer Engineering · Embedded Systems · Information Technology (IT) · Computer Science · Firmware · Python · C/C++ · Embedded Linux,/jobs/p/zo25d7b3icfz-embedded-systems-engineer-imbox-cairo-egypt,Not specified
Backend Developer (.NET / Modern Backend),Mashura Consultants -,"Maadi, Cairo, Egypt ",Full TimeHybridExperienced · 3 - 7 Yrs of Exp · IT/Software Development · Computer Science · Software Development · Information Technology (IT) · Software Engineering · API · Design · Node.js · Python · SQL,/jobs/p/ibel1dnzzd0x-backend-developer-net-modern-backend-mashura-consultants-cairo-egypt,Not specified
Senior Data Science Specialist,TECHNOSAT -,"New Cairo, Cairo, Egypt ",Full TimeHybridExperienced · 3+ Yrs of Exp · IT/Software Development · Data Science · Machine Learning · Python · Financial Data Analysis · Data Analysis · Data visualization · Statistical Analysis · Artificial Intelligence (AI) · Power BI,/jobs/p/aowmuhhmsxkw-senior-data-science-specialist-technosat-cairo-egypt,Not specified
AI Engineer,Confidential -,"Cairo, Egypt ",Full TimeRemoteExperienced · 3 - 7 Yrs of Exp · IT/Software Development · AI · Natural Language Processing (NLP) · Python,/jobs/p/5jjtagirhk4t-ai-engineer-cairo-egypt,Not specified
Data Science Team Lead,TECHNOSAT -,"Cairo, Egypt ",Full TimeHybridManager · 5 - 10 Yrs of Exp · IT/Software Development · Data Science · Machine Learning · Data Modeling · Big Data · Data Architecture · Python · Team Leadership · Delivery Management · project delivery,/jobs/p/3nxfxehuabdu-data-science-team-lead-technosat-cairo-egypt,Not specified
IT Software Specialist,Jessour Misr -,"Abu Rawash, Giza, Egypt ",Full TimeOn-siteEntry Level · 1 - 2 Yrs of Exp · IT/Software Development · Engineering - Telecom/Technology · Information Technology (IT) · Computer Science · Engineering · Software Development · python development · Odoo ERP · Odoo Development · Communication,/jobs/p/5q5nwgwrpwjv-it-software-specialist-jessour-misr-giza-egypt,Not specified
AI & Automation Developer (Python),Injaz Digital  -,"New Cairo, Cairo, Egypt ",Full TimeOn-siteExperienced · 2 - 3 Yrs of Exp · IT/Software Development · Marketing/PR/Advertising · AI · Automation · Computer Science · Information Technology (IT) · Python · Software Development · Software Engineering · SQL,/jobs/p/nsexa8hf0rf2-ai-automation-developer-python-injaz-digital-cairo-egypt,Not specified
Python Developer (AI Integration),The National Company for Fertilizers and Chemical Industries  -,"Alsadat City, Monufya, Egypt ",Full TimeOn-siteEntry Level · 1 - 3 Yrs of Exp · IT/Software Development · Engineering - Telecom/Technology · Python · Flask · FastAPI · API · Cloud · Computer Science · Development · Docker,/jobs/p/zhump6g8tady-python-developer-ai-integration-the-national-company-for-fertilizers-and-chemical-industries-monufya-egypt,Not specified
Junior Python - Django Full-Stack Developer,Software House Solution  -,"Heliopolis, Cairo, Egypt ",Full TimeOn-siteExperienced · 2 - 4 Yrs of Exp · IT/Software Development · Engineering - Other · Python · Django · JavaScript · HTML5 · CSS3 · React · SQL · Git,/jobs/p/dpg5e7v6msbe-junior-python-django-full-stack-developer-software-house-solution-cairo-egypt,Not specified
Business Intelligence Engineer - SQL / PYTHON,RISEUP (Endemag for Administrative Skills Development) -,"Maadi, Cairo, Egypt ",Full TimeHybridExperienced · 5+ Yrs of Exp · IT/Software Development · Analyst/Research · Engineering - Telecom/Technology · Business Intelligence · Computer Science · Information Technology (IT) · Engineering · Management · Python · SQL,/jobs/p/bl1q5hs5faeq-business-intelligence-engineer-sql-python-riseup-endemag-for-administrative-skills-development-cairo-egypt,Not specified
Python Developer,Confidential -,"Cairo, Egypt ",Full TimeOn-siteExperienced · 3 - 7 Yrs of Exp · IT/Software Development · Python · Software Development · Computer Science · DevOps · Database · NoSQL · SQL · TensorFlow,/jobs/p/q89ccbfxijqs-python-developer-cairo-egypt,Not specified
AI Developer (Python) - midlevel,Afaqy -,"Maadi, Cairo, Egypt ",Full TimeHybridExperienced · 3 - 6 Yrs of Exp · IT/Software Development · AI · Python · Software Development · Machine Learning · Deep Learning · LLM · LangGraph,/jobs/p/xsl2ftrivhne-ai-developer-python-midlevel-afaqy-cairo-egypt,Not specified
Middle FullStack (Python) Developer,Vertex Technologies  -,"Cairo, Egypt ",Full TimeOn-siteExperienced · 3+ Yrs of Exp · IT/Software Development · Python · React · JavaScript · Typescript · React.js · Vue.js · Software Development,/jobs/p/ty5uhi0qiacc-middle-fullstack-python-developer-vertex-technologies-cairo-egypt,Not specified
Python Back End developer,Prometeon tyres group – Egypt -,"Alexandria, Egypt ",Full TimeOn-siteEntry Level · 0 - 4 Yrs of Exp · IT/Software Development · Engineering - Telecom/Technology · Computer Science · Information Technology (IT) · Software Development · Python · Software Engineering,/jobs/p/e2ejshzhctsh-python-back-end-developer-prometeon-tyres-group-egypt-alexandria-egypt,Not specified
Service Desk Engineer,Arma-HSA -,"Cairo, Egypt ",Full TimeOn-siteEntry Level · 1 - 3 Yrs of Exp · Installation/Maintenance/Repair · IT/Software Development · Engineering - Telecom/Technology · Technical troubleshooting · Ticketing systems · CCNA · Computer Science · CSS · Customer Service · Engineering,/jobs/p/dpeywdrsdzwc-service-desk-engineer-arma-hsa-cairo-egypt,Not specified
Embedded Systems Engineer,IMBoX  -,"New Cairo, Cairo, Egypt ",Part TimeFreelance / ProjectRemoteExperienced · 5+ Yrs of Exp · IT/Software Development · Engineering - Telecom/Technology · Computer Engineering · Embedded Systems · Information Technology (IT) · Computer Science · Firmware · Python · C/C++ · Embedded Linux,/jobs/p/zo25d7b3icfz-embedded-systems-engineer-imbox-cairo-egypt,Not specified
Backend Developer (.NET / Modern Backend),Mashura Consultants -,"Maadi, Cairo, Egypt ",Full TimeHybridExperienced · 3 - 7 Yrs of Exp · IT/Software Development · Computer Science · Software Development · Information Technology (IT) · Software Engineering · API · Design · Node.js · Python · SQL,/jobs/p/ibel1dnzzd0x-backend-developer-net-modern-backend-mashura-consultants-cairo-egypt,Not specified
Senior Data Science Specialist,TECHNOSAT -,"New Cairo, Cairo, Egypt ",Full TimeHybridExperienced · 3+ Yrs of Exp · IT/Software Development · Data Science · Machine Learning · Python · Financial Data Analysis · Data Analysis · Data visualization · Statistical Analysis · Artificial Intelligence (AI) · Power BI,/jobs/p/aowmuhhmsxkw-senior-data-science-specialist-technosat-cairo-egypt,Not specified
AI Engineer,Confidential -,"Cairo, Egypt ",Full TimeRemoteExperienced · 3 - 7 Yrs of Exp · IT/Software Development · AI · Natural Language Processing (NLP) · Python,/jobs/p/5jjtagirhk4t-ai-engineer-cairo-egypt,Not specified
Data Science Team Lead,TECHNOSAT -,"Cairo, Egypt ",Full TimeHybridManager · 5 - 10 Yrs of Exp · IT/Software Development · Data Science · Machine Learning · Data Modeling · Big Data · Data Architecture · Python · Team Leadership · Delivery Management · project delivery,/jobs/p/3nxfxehuabdu-data-science-team-lead-technosat-cairo-egypt,Not specified
IT Software Specialist,Jessour Misr -,"Abu Rawash, Giza, Egypt ",Full TimeOn-siteEntry Level · 1 - 2 Yrs of Exp · IT/Software Development · Engineering - Telecom/Technology · Information Technology (IT) · Computer Science · Engineering · Software Development · python development · Odoo ERP · Odoo Development · Communication,/jobs/p/5q5nwgwrpwjv-it-software-specialist-jessour-misr-giza-egypt,Not specified
AI Engineer,Confidential -,"Dokki, Giza, Egypt ",Full TimeOn-siteEntry Level · 1 - 10 Yrs of Exp · IT/Software Development · Engineering - Telecom/Technology · AI · Computer Science · Information Technology (IT) · Machine Learning · Deep Learning · Python · TensorFlow · PyTorch,/jobs/p/ixh5hukifyyc-ai-engineer-giza-egypt,Not specified
Data analysis Instructor,Yat Learning Centers -,"Hadayek Alkobba, Cairo, Egypt ",Freelance / ProjectRemoteExperienced · 3 - 15 Yrs of Exp · Education/Teaching · Training/Instructor · Data Analysis · Databases · Microsoft Excel · SQL · Python · Google Analytics · Power BI · Tableau,/jobs/p/gwifjzfunbq1-data-analysis-instructor-yat-learning-centers-cairo-egypt,Not specified
Revit API Developer (BIM Automation),Eracore -,"Cairo, Egypt ",Full TimeRemoteExperienced · 3 - 4 Yrs of Exp · Engineering - Construction/Civil/Architecture · Engineering - Mechanical/Electrical · Engineering - Other · Revit API · C# · BIM Automation · Computational Design · Dynamo · Python · Revit,/jobs/p/o1lzt98zzdz2-revit-api-developer-bim-automation-eracore-cairo-egypt,Not specified
Software Engineer Intern,Avidbeam Technologies -,"Maadi, Cairo, Egypt ",InternshipRemoteStudent · IT/Software Development · Computer Science · Software Engineering · Software Development · c++ · Python · Docker · Programming · AI · JavaScript,/internship/luimrbjskisw-software-engineer-intern-avidbeam-technologies-cairo-egypt,Not specified
Data Analyst,Sprix -,"New Cairo, Cairo, Egypt ",Full TimeHybridExperienced · 2 - 4 Yrs of Exp · Analyst/Research · Microsoft Excel · Power BI · Python,/jobs/p/485eob7kytt8-data-analyst-sprix-cairo-egypt,Not specified
Communication Electrical Engineer,Amer Vision Group -,"Sheraton, Cairo, Egypt ",Full TimeOn-siteExperienced · 5 - 7 Yrs of Exp · Engineering - Telecom/Technology · Engineering - Mechanical/Electrical · Electrical Engineering · Electrical Construction · QC · Communication · CCNA · Python,/jobs/p/husgfb4xmxfq-communication-electrical-engineer-amer-vision-group-cairo-egypt,Not specified
Data Analyst,Zinox&Master -,"Obour City, Cairo, Egypt ",Full TimeOn-siteExperienced · 2 - 3 Yrs of Exp · males_only · IT/Software Development · Analyst/Research · Engineering - Telecom/Technology · Analysis · Computer Science · Information Technology (IT) · Data Analysis · Power BI · Tableau · Python,/jobs/p/fzv9lnkvfsdn-data-analyst-zinoxmaster-cairo-egypt,Not specified
Middle Data Engineer,Vertex Technologies  -,"Cairo, Egypt ","Full TimeOn-siteExperienced · 2+ Yrs of Exp · IT/Software Development · Data Engineering · Python · Scala · Databricks · Snowflake · SQL · Relational Databases · Cloud Platforms (AWS, Azure, GCP)",/jobs/p/f3fi6wjnx9o9-middle-data-engineer-vertex-technologies-cairo-egypt,Not specified
Senior Data Engineer,Vertex Technologies  -,"Cairo, Egypt ","Full TimeOn-siteExperienced · 4+ Yrs of Exp · IT/Software Development · Data Engineering · Python · Scala · Databricks · SQL · Dimensional Modeling · OLTP/OLAP · Cloud Platforms (AWS, Azure, GCP)",/jobs/p/dw9vbculsh2b-senior-data-engineer-vertex-technologies-cairo-egypt,Not specified
Embedded Firmware Engineer,IMBoX  -,"New Cairo, Cairo, Egypt ",InternshipHybridEntry Level · IT/Software Development · Engineering - Telecom/Technology · Embedded Systems · Software Engineering · C/C++ · Python · Embedded Linux · Microcontrollers · RTOS · Debugging,/internship/xmetvhb3shh7-embedded-firmware-engineer-imbox-cairo-egypt,Not specified
Full Stack Developer,IMBoX  -,"New Cairo, Cairo, Egypt ",Part TimeFreelance / ProjectHybridExperienced · 3 - 7 Yrs of Exp · IT/Software Development · Engineering - Telecom/Technology · Engineering - Other · Flutter · Python · Cross-Platform Development · REST API · Cloud Computing · Embedded Systems · IOT,/jobs/p/n0ylmn8cx0qb-full-stack-developer-imbox-cairo-egypt,Not specified
Trainee Automation QA engineer,Vertex Technologies  -,"Cairo, Egypt ",Full TimeOn-siteEntry Level · 0 - 2 Yrs of Exp · IT/Software Development · Quality · Quality Assurance · Test Automation · Selenium · Software Testing · Bug Tracking · Analytical Thinking · Agile Methodologies · Manual Testing,/jobs/p/e25of4jboe2r-trainee-automation-qa-engineer-vertex-technologies-cairo-egypt,Not specified
AI Engineer,Confidential -,"Sheraton, Cairo, Egypt ",Full TimePart TimeFreelance / ProjectHybridExperienced · 2 - 3 Yrs of Exp · Business Development · IT/Software Development · Engineering - Telecom/Technology · Algorithms · Software Development · Information Technology (IT) · Python · AI · Automation Engineering · Workflow Architect,/jobs/p/0jlu7uzk7kis-ai-engineer-cairo-egypt,Not specified
Software Engineer (Technical Content),"CC Global Group, LLC -","New Cairo, Cairo, Egypt ","Full TimeRemoteEntry Level · Writing/Editorial · IT/Software Development · Technical Writing · Software Engineering · Content Development · Programming (Python, JavaScript, etc.) · Machine Learning · Artificial Intelligence (AI)",/jobs/p/9rhh6bv7kdib-software-engineer-technical-content-cc-global-group-llc-cairo-egypt,Not specified
Business Intelligence Engineer,RISEUP (Endemag for Administrative Skills Development) -,"Maadi, Cairo, Egypt ",Full TimeHybridExperienced · 4 - 7 Yrs of Exp · IT/Software Development · Engineering - Telecom/Technology · Business Intelligence · Computer Science · Information Technology (IT) · Engineering · Management · Python · SQL,/jobs/p/qrgxmsd0l1ws-business-intelligence-engineer-riseup-endemag-for-administrative-skills-development-cairo-egypt,Not specified
Splunk Administrator Engineer,Digital cloud for Technology and cybersecurity -,"Cairo, Egypt ",Full TimeHybridExperienced · 2 - 7 Yrs of Exp · Administration · IT/Software Development · Engineering - Telecom/Technology · soc analyst L2 · Cybersecurity · SIEM · Splunk · Log Management · Data Analysis · Incident Response,/jobs/p/4foi9uwgik5k-splunk-administrator-engineer-digital-cloud-for-technology-and-cybersecurity-cairo-egypt,Not specified
Lead AI Systems Architect & Automation Head,StorPros -,"San Jose, United States ",Full TimeRemoteExperienced · 3 - 7 Yrs of Exp · IT/Software Development · AI · Automation · Computer Engineering · Computer Science · Python · LMS · proxy management,/jobs/p/1bewjc5z6vkh-lead-ai-systems-architect-automation-head-storpros-san-jose-united-states,Not specified
Odoo Developer,Anecdote agency  -,"New Cairo, Cairo, Egypt ",Full TimeOn-siteExperienced · 3 - 7 Yrs of Exp · males_only · IT/Software Development · Engineering - Telecom/Technology · Computer Science · Odoo · Python · Information Technology (IT) · API · Odoo Development · ORM · PostgreSQL,/jobs/p/u4yu1konjysu-odoo-developer-anecdote-agency-cairo-egypt,Not specified
BIM Developer,ADC-Architecture&Design Consultants -,"Sheikh Zayed, Giza, Egypt ",Full TimeOn-siteExperienced · 5 - 7 Yrs of Exp · Engineering - Construction/Civil/Architecture · Revit · Dynamo · Python · C# · BIM · Architecture,/jobs/p/yrirh2iz7wiw-bim-developer-adc-architecturedesign-consultants-giza-egypt,Not specified
Senior Data Scientist,Vertex Technologies  -,"Cairo, Egypt ",Full TimeOn-siteExperienced · 5+ Yrs of Exp · IT/Software Development · English B2 · Machine Learning · Statistical Analysis · Python · gradient boosting algorithms · LLM · Generative AI technologies · Big Data Technologies,/jobs/p/8zkocqwyusni-senior-data-scientist-vertex-technologies-cairo-egypt,Not specified
Junior Full Stack AI Native Developer-Remote,GNC Management Services -,"Cairo, Egypt ",Full TimeRemoteEntry Level · 1 - 2 Yrs of Exp · Creative/Design/Art · IT/Software Development · Engineering - Telecom/Technology · AI · python development · Full Stack Development · ERP · Github · Computer Science · Information Technology (IT),/jobs/p/dydwwxc98muq-junior-full-stack-ai-native-developer-remote-gnc-management-services-cairo-egypt,Not specified
Program Specialist,Horus Development -,"Nasr City, Cairo, Egypt ",Freelance / ProjectRemoteExperienced · 5 - 10 Yrs of Exp · Project/Program Management · Programming · Information Technology (IT) · Communication · Marketing · Microsoft Office · JavaScript · Python · Teaching · Training,/jobs/p/dwpuwk5tzfw7-program-specialist-horus-development-cairo-egypt,Not specified
DevOps Internship,3D Diagnostix -,"Cairo, Egypt ","InternshipHybridStudent · 0 - 1 Yrs of Exp · IT/Software Development · Engineering - Telecom/Technology · DevOps · CI/CD · Linux/Unix · Cloud Computing · Automation · Scripting (Python, Bash) · Version Control (Git) · Troubleshooting",/internship/4exa5ljvt7qr-devops-internship-3d-diagnostix-cairo-egypt,Not specified
Private Cloud Engineer (Virtualization & Cloud Platforms),Confidential -,"New Capital, Cairo, Egypt ",Full TimeOn-siteExperienced · 7 - 10 Yrs of Exp · IT/Software Development · Engineering - Telecom/Technology · Private Cloud · Virtualization · Nutanix AHV · Red Hat OpenShift · Kubernetes · AWS · Azure · GCP,/jobs/p/jxuruawr49qq-private-cloud-engineer-virtualization-cloud-platforms-cairo-egypt,Not specified
Mid level Django Backend Developer,Software House Solution  -,"Heliopolis, Cairo, Egypt ",Full TimeOn-siteExperienced · 2 - 7 Yrs of Exp · IT/Software Development · Engineering - Telecom/Technology · Python · Django · RESTful APIs · SQL · Git · Team Collaboration · Problem Solving · HTML,/jobs/p/7azvejktmfk8-mid-level-django-backend-developer-software-house-solution-cairo-egypt,Not specified
Devops Engineer,Ayvo  -,"Makkah, Saudi Arabia ",Full TimeRemoteExperienced · 2 - 3 Yrs of Exp · IT/Software Development · Docker · Cloud Infrastructure · Ansible · Kubernetes · Git · Jenkins · AWS Cloud · Python · Bash,/saudi/jobs/p/nzdjqqtkidvq-devops-engineer-ayvo-makkah-saudi-arabia,Not specified
Network Engineer,TECHNOSAT -,"New Cairo, Cairo, Egypt ",Full TimeOn-siteExperienced · 4 - 7 Yrs of Exp · Installation/Maintenance/Repair · IT/Software Development · Engineering - Telecom/Technology · Network · Networking · Information Technology (IT) · Cisco IOS/NX-OS · Juniper Junos OS · Routers · Switches,/jobs/p/xvz23iqiajtt-network-engineer-technosat-cairo-egypt,Not specified
Junior Full Stack AI Native Developer,GNC Management Services -,"Laventille, Trinidad & Tobago ",Full TimeRemoteEntry Level · 1 - 2 Yrs of Exp · IT/Software Development · AI · python development · Full Stack Development · ERP · Github · Computer Science · Information Technology (IT) · JavaScript · Python,/jobs/p/izwygnyyaup9-junior-full-stack-ai-native-developer-gnc-management-services-laventille-trinidad-tobago,Not specified
Senior Odoo Implementer,SMART ICON EG -,"Obour City, Cairo, Egypt ",Freelance / ProjectHybridExperienced · 3 - 5 Yrs of Exp · Accounting/Finance · IT/Software Development · Engineering - Telecom/Technology · Odoo ERP · ERP Implementation · ERP Systems · Accounting Software · Financial Analysis · Business Process Optimization · Project Management,/jobs/p/xahiiydvlikl-senior-odoo-implementer-smart-icon-eg-cairo-egypt,Not specified
Odoo ERP Implementer,KZ for Pesticides and Chemicals.  -,"Dokki, Giza, Egypt ",Full TimeOn-siteEntry Level · 0 - 2 Yrs of Exp · Accounting/Finance · IT/Software Development · Engineering - Telecom/Technology · Computer Science · Information Technology (IT) · ERP · Odoo · Python · SQL · JavaScript,/jobs/p/7zctekbzg2vb-odoo-erp-implementer-kz-for-pesticides-and-chemicals-giza-egypt,Not specified
Odoo Developer (Mid-Level),ecoSAS International -,"Giza, Egypt ",Full TimeOn-siteExperienced · 3+ Yrs of Exp · IT/Software Development · Engineering - Telecom/Technology · Information Technology (IT) · Odoo · Computer Science · Odoo Development · Technology · Python · Development,/jobs/p/eywvysz560lt-odoo-developer-mid-level-ecosas-international-giza-egypt,Not specified
Business Analyst,Ibn Sina Pharma -,"New Cairo, Cairo, Egypt ",InternshipHybridEntry Level · IT/Software Development · Analyst/Research · Engineering - Telecom/Technology · Analysis · Business Analysis · Computer Science · Data Analysis · Information Technology (IT) · Python · SQL,/internship/u1p4bogldozr-business-analyst-ibn-sina-pharma-cairo-egypt,Not specified
Senior Data Scientist,Egabi FSI  -,"Sheraton, Cairo, Egypt ",Full TimeOn-siteExperienced · 3+ Yrs of Exp · IT/Software Development · Engineering - Telecom/Technology · Computer Science · Data Mining · Data Science · data scientist · Hadoop · Machine Learning · Python · SQL,/jobs/p/o1a7fazksizo-senior-data-scientist-egabi-fsi-cairo-egypt,Not specified
Tech Lead / Principal Engineer – Full‑Stack & AI Systems,Makkook.AI -,"Maadi, Cairo, Egypt ","Full TimeOn-siteSenior Management · 8 - 20 Yrs of Exp · Engineering - Telecom/Technology · Tech Lead / Principal Engineer – Full‑Stack & AI Systems · Backend (Mandatory): Python, Node.js, or .NET Core; REST APIs; database design (PostgreSQL, SQL Server); distributed systems; caching, queues, performance optimization Frontend (Mandatory): React/Next.js or Angular; data‑heavy dashboards; state management · Front-End Development · Mobile App Development · DevOps · Network Infrastructure · Software Testing · Quality Management · Data Integration",/jobs/p/blne8rf8kvkp-tech-lead-principal-engineer-fullstack-ai-systems-makkook-ai-cairo-egypt,Not specified
Senior Full-Stack Engineer,Oliv -,"Cairo, Egypt ",Full TimeHybridExperienced · 5+ Yrs of Exp · IT/Software Development · Engineering - Telecom/Technology · Golang · Go · Python · PostgreSQL · Docker · DevOps · Fintech · Payments,/jobs/p/c1uddf4aotdw-senior-full-stack-engineer-oliv-cairo-egypt,Not specified
AI Engineer (LLM & AI Applications),Exab -,"Cairo, Egypt ",Full TimeOn-siteExperienced · 3 - 7 Yrs of Exp · IT/Software Development · Analyst/Research · Engineering - Telecom/Technology · AI · Computer Science · Engineering · Information Technology (IT) · Data Science · LLMs (Large Language Models) · Python,/jobs/p/zswfgfcppaym-ai-engineer-llm-ai-applications-exab-cairo-egypt,Not specified
Technical Support Engineer II - Fluent French,Docusign -,"Cairo, Egypt ",Full TimeRemoteExperienced · 2 - 5 Yrs of Exp · IT/Software Development · Engineering - Telecom/Technology · Engineering · Information Technology (IT) · Technical Support · SaaS · XML · JSON · Wireshark · Fiddler,/jobs/p/hxkq0hqjsym4-technical-support-engineer-ii-fluent-french-docusign-cairo-egypt,Not specified
ERP Senior Specialist – Odoo,MATGR For Engineering And Trading -,"New Cairo, Cairo, Egypt ",Full TimeOn-siteExperienced · 2 - 4 Yrs of Exp · IT/Software Development · Engineering - Telecom/Technology · Computer Science · ERP · Odoo · ERP Implementation · oodo implementation · XML · HTML · Information Technology (IT),/jobs/p/jy17wohtf60j-erp-senior-specialist-odoo-matgr-for-engineering-and-trading-cairo-egypt,Not specified
Odoo Developer,AzkaTech -,"Cairo, Egypt ",Full TimeRemoteExperienced · 3+ Yrs of Exp · IT/Software Development · Engineering - Telecom/Technology · Computer Science · Information Technology (IT) · Odoo · CSS · Development · Git · HTML · JavaScript,/jobs/p/q9lu6ylbftja-odoo-developer-azkatech-cairo-egypt,Not specified
Data Scientist And Machine learning Engineer - Applied AI & Knowledge Sharing,EpsilonAI -,"Nasr City, Cairo, Egypt ",Full TimeHybridEntry Level · 0 - 3 Yrs of Exp · IT/Software Development · Engineering - Telecom/Technology · Data Science · Machine Learning · Python Programming · Teaching & Instruction · Curriculum Development · Statistical Analysis · Communication · AI Tools & Frameworks,/jobs/p/hif824t4axxr-data-scientist-and-machine-learning-engineer-applied-ai-knowledge-sharing-epsilonai-cairo-egypt,Not specified
Senior Demand Planning,ICON Holding -,"Helwan, Cairo, Egypt ",Full TimeOn-siteExperienced · 3 - 5 Yrs of Exp · Logistics/Supply Chain · Other · Demand Planning · Engineering · Supply Chain · Planning · Analysis · ERP · Forecasting · Sales,/jobs/p/4w0jegr1l0rx-senior-demand-planning-icon-holding-cairo-egypt,Not specified
Computer Software Developer,Industrial Modernisation Centre (IMC) -,"Nasr City, Cairo, Egypt ",Full TimeOn-siteExperienced · 3 - 5 Yrs of Exp · IT/Software Development · Computer Science · Information Technology (IT) · Software Development · Software Engineering,/jobs/p/pkscdyrd5uo5-computer-software-developer-industrial-modernisation-centre-imc-cairo-egypt,Not specified
Junior GIS Technician,Citylogix ME   -,"Katameya, Cairo, Egypt ",Full TimeOn-siteEntry Level · 0 - 3 Yrs of Exp · Engineering - Other · Arc GIS · GIS · QGIS,/jobs/p/fjjxhm9qrq1a-junior-gis-technician-citylogix-me-cairo-egypt,Not specified
Software Engineer,Confidential -,"Mohandessin, Giza, Egypt ",Full TimeOn-siteEntry Level · 1 - 3 Yrs of Exp · IT/Software Development · Agile · Computer Science · Information Technology (IT) · Software Development Life Cycle (SDLC) · Problem-solving · Object-Oriented Programming (OOP) · Data Structures · Algorithms · Version Control (Git),/jobs/p/5m1tjs1jg0i1-software-engineer-giza-egypt,Not specified
Senior BIM Engineer,Estithmar Holding  -,"Downtown, Cairo, Egypt ",Full TimeOn-siteExperienced · 4 - 6 Yrs of Exp · Engineering - Construction/Civil/Architecture · Autodesk Revit · Architecture · Engineering · Navisworks · AutoCAD · AutoCAD Architecture · Autodesk Autocad · Autodesk,/jobs/p/wkg7m79b6smh-senior-bim-engineer-estithmar-holding-cairo-egypt,Not specified
Full Stack Developer,Ibn Sina Pharma -,"Obour City, Cairo, Egypt ",Full TimeHybridExperienced · 1 - 3 Yrs of Exp · Creative/Design/Art · IT/Software Development · Engineering - Telecom/Technology · Angular · Computer Science · React · HTML · .Net · Node.js · CSS,/jobs/p/uvdizpluunee-full-stack-developer-ibn-sina-pharma-cairo-egypt,Not specified
AI Prompt Engineer,Inventors Incubator -,"Alexandria, Egypt ",Full TimeOn-siteEntry Level · 1+ Yrs of Exp · IT/Software Development · AI · Computer Science · Software Development,/jobs/p/u8jus9utthq0-ai-prompt-engineer-inventors-incubator-alexandria-egypt,Not specified
Application Support Engineer,e-finance -,"Smart Village, Giza, Egypt ",Full TimeOn-siteEntry Level · 0 - 2 Yrs of Exp · IT/Software Development · Application Support · Computer Science · Information Technology (IT),/jobs/p/brdy8volk233-application-support-engineer-e-finance-giza-egypt,Not specified
Senior Machine Learning Engineer,Solship -,"Cairo, Egypt ",Full TimeRemoteExperienced · 3 - 7 Yrs of Exp · Engineering - Telecom/Technology · Engineering - Mechanical/Electrical · Machine Learning · Computer Science · Software Engineering,/jobs/p/7j1nv1ifczfr-senior-machine-learning-engineer-solship-cairo-egypt,Not specified
Software Engineer,Boysen Egypt -,"6th of October, Giza, Egypt ",Full TimeOn-siteExperienced · 3 - 5 Yrs of Exp · IT/Software Development · Engineering - Telecom/Technology · Computer Science · Information Technology (IT) · Software Development · Software Engineering · C/C++ · CAN · Paython,/jobs/p/gjyttdn4krkd-software-engineer-boysen-egypt-giza-egypt,Not specified
Research Manager,Harvest Foods -,"Sheikh Zayed, Giza, Egypt ",Full TimeOn-siteManager · 5 - 7 Yrs of Exp · Marketing/PR/Advertising · Analyst/Research · Sales/Retail · Market Research · Research · Forecasting,/jobs/p/h5twgkjrm78k-research-manager-harvest-foods-giza-egypt,Not specified
Senior AI Backend Engineer - Remotely,Taa Consultancy -,"Cairo, Egypt ",Full TimeRemoteExperienced · 4 - 7 Yrs of Exp · IT/Software Development · AI · Computer Science · Software Development · Software Engineering,/jobs/p/hhik01jhfm0o-senior-ai-backend-engineer-remotely-taa-consultancy-cairo-egypt,Not specified
Senior Odoo Developer,Arma-HSA -,"New Cairo, Cairo, Egypt ",Full TimeOn-siteExperienced · 3 - 5 Yrs of Exp · IT/Software Development · Odoo · Software Development · Computer Science · Information Technology (IT) · Agile · CSS · Engineering · HTML5 · JavaScript,/jobs/p/gtiricpm78pb-senior-odoo-developer-arma-hsa-cairo-egypt,Not specified
Odoo Specialist,YONI Furniture  -,"Cairo, Egypt ",Full TimeOn-siteEntry Level · 1 - 3 Yrs of Exp · IT/Software Development · Engineering - Telecom/Technology · Computer Science · ERP · Information Technology (IT) · Odoo · ERP Implementation,/jobs/p/jxxfiisdgagk-odoo-specialist-yoni-furniture-cairo-egypt,Not specified
Cyber Security Engineer,Saudi German Hospital  -,"New Nozha, Cairo, Egypt ",Full TimeOn-siteExperienced · 5 - 10 Yrs of Exp · IT/Software Development · Computer Science · Cyber Security · Engineering · Information Technology (IT) · Security · Fortinet · Information Security · Cisco · Linux,/jobs/p/xzcakglqc9b7-cyber-security-engineer-saudi-german-hospital-cairo-egypt,Not specified
Middle Automation QA Engineer.,Vertex Technologies  -,"Cairo, Egypt ",Full TimeOn-siteExperienced · 2+ Yrs of Exp · IT/Software Development · Quality · Test Automation · Selenium · Cypress · CI/CD · API Testing · Agile Methodologies · Bug Tracking · Quality Assurance,/jobs/p/uusoe8wzc6ov-middle-automation-qa-engineer-vertex-technologies-cairo-egypt,Not specified
Full Stack Developer,Riyada -,"Maadi, Cairo, Egypt ",Full TimeOn-siteExperienced · 3 - 7 Yrs of Exp · Creative/Design/Art · IT/Software Development · Engineering - Telecom/Technology · Information Technology (IT) · Software Development · Computer Science · JavaScript,/jobs/p/p4pzoizjqjn3-full-stack-developer-riyada-cairo-egypt,Not specified
Junior Automation QA Engineer,Vertex Technologies  -,"Cairo, Egypt ",Full TimeOn-siteEntry Level · 1+ Yrs of Exp · IT/Software Development · Quality · Automation Testing · Agile Methodologies · SDLC · Software Quality Assurance · Problem Solving · Team Collaboration,/jobs/p/0kvgq7bbtvmc-junior-automation-qa-engineer-vertex-technologies-cairo-egypt,Not specified
Senior AI Engineer,Fixed Solutions -,"Cairo, Egypt ",Full TimeHybridExperienced · 3+ Yrs of Exp · IT/Software Development · Engineering - Telecom/Technology · Engineering - Mechanical/Electrical · AI · Computer Science · Engineering · Information Technology (IT) · Software Development,/jobs/p/9usjkdrrogts-senior-ai-engineer-fixed-solutions-cairo-egypt,Not specified
Middle DevOps Engineer,Vertex Technologies  -,"Cairo, Egypt ",Full TimeOn-siteEntry Level · 1+ Yrs of Exp · IT/Software Development · Linux · network fundamentals · web server setup · application deployments · database setup · cloud platforms · Git · Docker · Kubernetes,/jobs/p/m2vfkpth4l4x-middle-devops-engineer-vertex-technologies-cairo-egypt,Not specified
Testing Engineer,Efada Technology -,"Cairo, Egypt ",Full TimeRemoteExperienced · 3 - 7 Yrs of Exp · IT/Software Development · Quality · Engineering - Telecom/Technology · API · Appium · Architecture · Design · AWS · Linux · Docker,/jobs/p/isndrwtncedg-testing-engineer-efada-technology-cairo-egypt,Not specified
Senior Data Engineer,GB Corp -,"Giza, Egypt ",Full TimeOn-siteExperienced · 3 - 7 Yrs of Exp · IT/Software Development · Engineering - Telecom/Technology · Computer Science · Information Technology (IT) · Software Development · Engineering,/jobs/p/desxrlp7krfz-senior-data-engineer-gb-corp-giza-egypt,Not specified
Middle Data Scientist,Vertex Technologies  -,"Cairo, Egypt ",Full TimeOn-siteExperienced · 2+ Yrs of Exp · IT/Software Development · Data Analysis · Machine Learning · Statistical Modeling · Data Visualization · Big Data Technologies · Problem Solving · Communication · LLM orchestration tools · Databases,/jobs/p/ytubatrtqqp2-middle-data-scientist-vertex-technologies-cairo-egypt,Not specified
Cybersecurity Engineer,Dewan Architects and Engineers  -,"New Cairo, Cairo, Egypt ",Full TimeOn-siteExperienced · 3 - 7 Yrs of Exp · IT/Software Development · Computer Science · Cybersecurity · Information Technology (IT) · BIM 360 · AEC platforms · Automation · Automation Systems · SIEM · MFA,/jobs/p/jgxwmzsx9myh-cybersecurity-engineer-dewan-architects-and-engineers-cairo-egypt,Not specified
AI Developer (Outsource),Prometeon tyres group – Egypt -,"Alexandria, Egypt ",Full TimeOn-siteEntry Level · 0 - 2 Yrs of Exp · IT/Software Development · Engineering - Telecom/Technology · AI · Computer Science · Information Technology (IT) · Software Development,/jobs/p/xvz7wojwcxo4-ai-developer-outsource-prometeon-tyres-group-egypt-alexandria-egypt,Not specified
"Senior AI Engineer (LLM, RAG & AI Systems for CX & Enterprise Solutions)",Confidential -,"Nasr City, Cairo, Egypt ",Part TimeFreelance / ProjectRemoteExperienced · 2 - 6 Yrs of Exp · IT/Software Development · Artificial Intelligence (AI) · Software Development · Engineering · AI,/jobs/p/jnb8wlrudou3-senior-ai-engineer-llm-rag-ai-systems-for-cx-enterprise-solutions-cairo-egypt,Not specified
"AI Engineer (Computer Vision, Speech, NLP & Generative AI)",Madar Soft -,"Fleming, Alexandria, Egypt ",Full TimeRemoteExperienced · 3 - 5 Yrs of Exp · IT/Software Development · Engineering - Telecom/Technology · AI · Computer Science · Computer Vision · Engineering · Information Technology (IT) · NLP,/jobs/p/w0bib0poknfj-ai-engineer-computer-vision-speech-nlp-generative-ai-madar-soft-alexandria-egypt,Not specified
Senior Full-Stack Engineer Backend · Frontend · DevOps · Cloud Infrastructure,Confidential -,"Munich, Germany ",Full TimeRemoteExperienced · 2 - 5 Yrs of Exp · IT/Software Development · Cloud · DevOps · Information Technology (IT) · Software Development · Computer Science · Software Engineering,/jobs/p/gsoalsfptcfl-senior-full-stack-engineer-backend-frontend-devops-cloud-infrastructure-munich-germany,Not specified
Identity & Access Management (IAM) Specialist,Dewan Architects and Engineers  -,"New Cairo, Cairo, Egypt ","Full TimeOn-siteExperienced · 3 - 7 Yrs of Exp · IT/Software Development · Engineering - Telecom/Technology · Access Management · Access Control · Information Technology (IT) · SSOP · federation (SAML 2.0, OAuth 2.0, OpenID Connect) · Security · Ticketing Systems",/jobs/p/vwoat2aerxxx-identity-access-management-iam-specialist-dewan-architects-and-engineers-cairo-egypt,Not specified
Senior Devops Engineer,Link Development -,"Maadi, Cairo, Egypt ",Full TimeHybridExperienced · 3 - 5 Yrs of Exp · IT/Software Development · Computer Science · DevOps · Information Technology (IT),/jobs/p/o1elefygyccj-senior-devops-engineer-link-development-cairo-egypt,Not specified
Database Vendor Support,Efada Technology -,"Cairo, Egypt ",Full TimeOn-siteExperienced · 4+ Yrs of Exp · Customer Service/Support · IT/Software Development · Engineering - Telecom/Technology · Computer Science · Customer Support · Database · Information Technology (IT) · SQL · Linux · Microsoft SQL Server,/jobs/p/ongwukao8xnv-database-vendor-support-efada-technology-cairo-egypt,Not specified
Software Engineer,Alex form -,"Ameria, Alexandria, Egypt ",Full TimeOn-siteExperienced · 2 - 4 Yrs of Exp · IT/Software Development · Engineering - Telecom/Technology · Computer Science · Software Engineering · Software Development · Information Technology (IT),/jobs/p/gca778dx1zvn-software-engineer-alex-form-alexandria-egypt,Not specified
Application Support Engineer,etisal for advanced industries  -,"6th of October, Giza, Egypt ",Full TimeOn-siteEntry Level · 1 - 3 Yrs of Exp · IT/Software Development · Computer Science · Application Support · Engineering · Information Technology (IT),/jobs/p/o2h2xl5duxsw-application-support-engineer-etisal-for-advanced-industries-giza-egypt,Not specified
Network & Security Engineer,Universities of Canada in Egypt -,"New Capital, Cairo, Egypt ",Full TimeOn-siteExperienced · 1 - 3 Yrs of Exp · males_preferred · Installation/Maintenance/Repair · IT/Software Development · Engineering - Telecom/Technology · Network · firewalls · Security · Information Technology (IT) · Network Administration · Network Security,/jobs/p/fhkiuvaairxy-network-security-engineer-universities-of-canada-in-egypt-cairo-egypt,Not specified
Javascript Developer,Agency -,"Cairo, Egypt ",Full TimeRemoteManager · 5 - 10 Yrs of Exp · IT/Software Development · Engineering - Telecom/Technology · JavaScript · Software Development · Computer Science · Information Technology (IT),/jobs/p/tmklsmodjqwv-javascript-developer-agency-cairo-egypt,Not specified
DevOps Specialist,Gulf Data International  -,"Heliopolis, Cairo, Egypt ",Full TimeRemoteExperienced · 6 - 10 Yrs of Exp · IT/Software Development · API · DevOps,/jobs/p/7w8n4ziykj6a-devops-specialist-gulf-data-international-cairo-egypt,Not specified
AIOps Engineer,Dewan Architects and Engineers  -,"New Cairo, Cairo, Egypt ",Full TimeOn-siteExperienced · 2 - 4 Yrs of Exp · IT/Software Development · AWS Cloudformation · AWS Cloud · ITIL · Agile Software · Certified ScrumMaster,/jobs/p/fnemtkifksho-aiops-engineer-dewan-architects-and-engineers-cairo-egypt,Not specified
